{"info":{"year":2020,"version":"1","description":"Exported using VGG Image Annotator (http://www.robots.ox.ac.uk/~vgg/software/via/)","contributor":"","url":"http://www.robots.ox.ac.uk/~vgg/software/via/","date_created":"Mon Apr 20 2020 17:25:00 GMT+0530 (India Standard Time)"},"images":[{"id":0,"width":512,"height":512,"file_name":"_0_742.jpg","license":1,"date_captured":""},{"id":1,"width":512,"height":512,"file_name":"_0_838.jpg","license":1,"date_captured":""},{"id":2,"width":512,"height":512,"file_name":"_0_4557.jpg","license":1,"date_captured":""},{"id":3,"width":512,"height":512,"file_name":"_0_4654.jpg","license":1,"date_captured":""},{"id":4,"width":512,"height":512,"file_name":"_0_5986.jpg","license":1,"date_captured":""},{"id":5,"width":512,"height":512,"file_name":"000_0_1.jpg","license":1,"date_captured":""},{"id":6,"width":512,"height":512,"file_name":"000_0_28.jpg","license":1,"date_captured":""},{"id":7,"width":512,"height":512,"file_name":"000_0_46.jpg","license":1,"date_captured":""},{"id":8,"width":512,"height":512,"file_name":"000_0_112.jpg","license":1,"date_captured":""},{"id":9,"width":512,"height":512,"file_name":"000_0_146.jpg","license":1,"date_captured":""},{"id":10,"width":512,"height":512,"file_name":"000_0_190.jpg","license":1,"date_captured":""},{"id":11,"width":512,"height":512,"file_name":"000_0_266.jpg","license":1,"date_captured":""},{"id":12,"width":512,"height":512,"file_name":"000_0_291.jpg","license":1,"date_captured":""},{"id":13,"width":512,"height":512,"file_name":"000_0_412.jpg","license":1,"date_captured":""},{"id":14,"width":512,"height":512,"file_name":"000_0_473.jpg","license":1,"date_captured":""},{"id":15,"width":512,"height":512,"file_name":"000_0_480.jpg","license":1,"date_captured":""},{"id":16,"width":512,"height":512,"file_name":"000_0_530.jpg","license":1,"date_captured":""},{"id":17,"width":512,"height":512,"file_name":"000_0_582.jpg","license":1,"date_captured":""},{"id":18,"width":512,"height":512,"file_name":"000_0_585.jpg","license":1,"date_captured":""},{"id":19,"width":512,"height":512,"file_name":"000_0_620.jpg","license":1,"date_captured":""},{"id":20,"width":512,"height":512,"file_name":"000_0_655.jpg","license":1,"date_captured":""},{"id":21,"width":512,"height":512,"file_name":"000_0_693.jpg","license":1,"date_captured":""},{"id":22,"width":512,"height":512,"file_name":"000_0_765.jpg","license":1,"date_captured":""},{"id":23,"width":512,"height":512,"file_name":"000_0_822.jpg","license":1,"date_captured":""},{"id":24,"width":512,"height":512,"file_name":"000_0_1051.jpg","license":1,"date_captured":""},{"id":25,"width":512,"height":512,"file_name":"000_0_1069.jpg","license":1,"date_captured":""},{"id":26,"width":512,"height":512,"file_name":"000_0_1093.jpg","license":1,"date_captured":""},{"id":27,"width":512,"height":512,"file_name":"000_0_1098.jpg","license":1,"date_captured":""},{"id":28,"width":512,"height":512,"file_name":"000_0_1148.jpg","license":1,"date_captured":""},{"id":29,"width":512,"height":512,"file_name":"000_0_1185.jpg","license":1,"date_captured":""},{"id":30,"width":512,"height":512,"file_name":"000_0_1200.jpg","license":1,"date_captured":""},{"id":31,"width":512,"height":512,"file_name":"000_0_1345.jpg","license":1,"date_captured":""},{"id":32,"width":512,"height":512,"file_name":"000_0_1407.jpg","license":1,"date_captured":""},{"id":33,"width":512,"height":512,"file_name":"000_0_1425.jpg","license":1,"date_captured":""},{"id":34,"width":512,"height":512,"file_name":"000_0_1432.jpg","license":1,"date_captured":""},{"id":35,"width":512,"height":512,"file_name":"000_0_1479.jpg","license":1,"date_captured":""},{"id":36,"width":512,"height":512,"file_name":"000_0_1604.jpg","license":1,"date_captured":""},{"id":37,"width":512,"height":512,"file_name":"000_0_1628.jpg","license":1,"date_captured":""},{"id":38,"width":512,"height":512,"file_name":"000_0_2026.jpg","license":1,"date_captured":""},{"id":39,"width":512,"height":512,"file_name":"000_0_2068.jpg","license":1,"date_captured":""},{"id":40,"width":512,"height":512,"file_name":"000_0_2136.jpg","license":1,"date_captured":""},{"id":41,"width":512,"height":512,"file_name":"000_0_2161.jpg","license":1,"date_captured":""},{"id":42,"width":512,"height":512,"file_name":"000_0_2174.jpg","license":1,"date_captured":""},{"id":43,"width":512,"height":512,"file_name":"000_0_2266.jpg","license":1,"date_captured":""},{"id":44,"width":512,"height":512,"file_name":"000_0_2882.jpg","license":1,"date_captured":""},{"id":45,"width":512,"height":512,"file_name":"000_0_3484.jpg","license":1,"date_captured":""},{"id":46,"width":512,"height":512,"file_name":"000_0_3748.jpg","license":1,"date_captured":""},{"id":47,"width":512,"height":512,"file_name":"000_0_4754.jpg","license":1,"date_captured":""},{"id":48,"width":512,"height":512,"file_name":"000_0_6348.jpg","license":1,"date_captured":""},{"id":49,"width":512,"height":512,"file_name":"000_0_6354.jpg","license":1,"date_captured":""},{"id":50,"width":512,"height":512,"file_name":"000_0_6383.jpg","license":1,"date_captured":""},{"id":51,"width":512,"height":512,"file_name":"000_0_6691.jpg","license":1,"date_captured":""},{"id":52,"width":512,"height":512,"file_name":"000_0_6720.jpg","license":1,"date_captured":""},{"id":53,"width":512,"height":512,"file_name":"000_0_6760.jpg","license":1,"date_captured":""},{"id":54,"width":512,"height":512,"file_name":"000_0_6771.jpg","license":1,"date_captured":""},{"id":55,"width":512,"height":512,"file_name":"000_0_6798.jpg","license":1,"date_captured":""},{"id":56,"width":512,"height":512,"file_name":"000_0_6836.jpg","license":1,"date_captured":""},{"id":57,"width":512,"height":512,"file_name":"000_0_7234.jpg","license":1,"date_captured":""},{"id":58,"width":512,"height":512,"file_name":"000_0_7267.jpg","license":1,"date_captured":""},{"id":59,"width":512,"height":512,"file_name":"000_0_7363.jpg","license":1,"date_captured":""},{"id":60,"width":512,"height":512,"file_name":"000_0_7374.jpg","license":1,"date_captured":""},{"id":61,"width":512,"height":512,"file_name":"000_0_7439.jpg","license":1,"date_captured":""},{"id":62,"width":512,"height":512,"file_name":"000_0_7442.jpg","license":1,"date_captured":""},{"id":63,"width":512,"height":512,"file_name":"000_0_7594.jpg","license":1,"date_captured":""},{"id":64,"width":512,"height":512,"file_name":"000_0_7599.jpg","license":1,"date_captured":""},{"id":65,"width":512,"height":512,"file_name":"000_0_7807.jpg","license":1,"date_captured":""},{"id":66,"width":512,"height":512,"file_name":"000_0_7823.jpg","license":1,"date_captured":""},{"id":67,"width":512,"height":512,"file_name":"000_0_7846.jpg","license":1,"date_captured":""},{"id":68,"width":512,"height":512,"file_name":"000_0_7850.jpg","license":1,"date_captured":""},{"id":69,"width":512,"height":512,"file_name":"000_0_8089.jpg","license":1,"date_captured":""},{"id":70,"width":512,"height":512,"file_name":"000_0_8170.jpg","license":1,"date_captured":""},{"id":71,"width":512,"height":512,"file_name":"000_0_8243.jpg","license":1,"date_captured":""},{"id":72,"width":512,"height":512,"file_name":"000_0_8260.jpg","license":1,"date_captured":""},{"id":73,"width":512,"height":512,"file_name":"000_0_8305.jpg","license":1,"date_captured":""},{"id":74,"width":512,"height":512,"file_name":"000_0_8314.jpg","license":1,"date_captured":""},{"id":75,"width":512,"height":512,"file_name":"000_0_8582.jpg","license":1,"date_captured":""},{"id":76,"width":512,"height":512,"file_name":"000_0_8672.jpg","license":1,"date_captured":""},{"id":77,"width":512,"height":512,"file_name":"000_0_8698.jpg","license":1,"date_captured":""},{"id":78,"width":512,"height":512,"file_name":"000_0_8707.jpg","license":1,"date_captured":""},{"id":79,"width":512,"height":512,"file_name":"000_0_8717.jpg","license":1,"date_captured":""},{"id":80,"width":512,"height":512,"file_name":"000_0_8872.jpg","license":1,"date_captured":""},{"id":81,"width":512,"height":512,"file_name":"000_0_9013.jpg","license":1,"date_captured":""},{"id":82,"width":512,"height":512,"file_name":"000_0_9025.jpg","license":1,"date_captured":""},{"id":83,"width":512,"height":512,"file_name":"000_0_9051.jpg","license":1,"date_captured":""},{"id":84,"width":512,"height":512,"file_name":"000_0_9058.jpg","license":1,"date_captured":""},{"id":85,"width":512,"height":512,"file_name":"000_0_9061.jpg","license":1,"date_captured":""},{"id":86,"width":512,"height":512,"file_name":"000_0_9104.jpg","license":1,"date_captured":""},{"id":87,"width":512,"height":512,"file_name":"000_0_9392.jpg","license":1,"date_captured":""},{"id":88,"width":512,"height":512,"file_name":"000_0_9448.jpg","license":1,"date_captured":""},{"id":89,"width":512,"height":512,"file_name":"000_0_9456.jpg","license":1,"date_captured":""},{"id":90,"width":512,"height":512,"file_name":"000_0_9473.jpg","license":1,"date_captured":""},{"id":91,"width":512,"height":512,"file_name":"000_0_9489.jpg","license":1,"date_captured":""},{"id":92,"width":512,"height":512,"file_name":"000_0_9517.jpg","license":1,"date_captured":""},{"id":93,"width":512,"height":512,"file_name":"000_0_9957.jpg","license":1,"date_captured":""},{"id":94,"width":512,"height":512,"file_name":"000_0_9969.jpg","license":1,"date_captured":""},{"id":95,"width":512,"height":512,"file_name":"000_0_9992.jpg","license":1,"date_captured":""}],
 "annotations":[{"id":0,"image_id":"0","category_id":1,
                 "segmentation":[[54,322,48,338,62,376,74,377,94,416,86,458,96,467,110,423,138,443,166,440,172,467,184,467,179,439,210,407,220,368,245,388,253,374,222,347,218,292,226,293,205,244,186,219,115,237,70,275]],
                 "area":50840,
                 "bbox":[48,219,205,248],
                 "iscrowd":0},
                {"id":1,"image_id":"1","category_id":1,
                "segmentation":[[84,142,72,172,81,172,78,199,43,219,43,236,82,219,111,267,105,281,111,290,122,272,167,279,196,263,202,299,217,293,207,255,238,235,256,201,230,164,180,144,105,125,86,134]],"area":37062,"bbox":[43,125,213,174],"iscrowd":0},{"id":2,"image_id":"2","category_id":1,
                "segmentation":[[304,302,302,345,310,381,290,405,295,416,317,398,358,441,366,444,362,459,374,459,379,441,414,427,428,416,442,444,452,437,440,400,457,373,468,336,411,303,338,288]],"area":30438,"bbox":[290,288,178,171],"iscrowd":0},{"id":3,"image_id":"3","category_id":1,
                "segmentation":[[40,148,24,175,24,220,0,230,3,250,26,243,42,272,61,291,57,306,64,316,73,300,132,310,166,291,180,325,192,317,181,283,217,255,226,256,240,228,195,178,100,150,38,150]],"area":42480,"bbox":[0,148,240,177],"iscrowd":0},{"id":4,"image_id":"4","category_id":1,
                "segmentation":[[2,68,36,96,56,61,94,40,88,14,104,16,113,34,162,48,194,79,212,44,226,55,205,93,234,143,238,184,198,212,108,228,27,212,7,170,29,120]],"area":50504,"bbox":[2,14,236,214],"iscrowd":0},{"id":5,"image_id":"5","category_id":1,
                "segmentation":[[97,160,117,179,147,142,145,123,151,118,156,136,200,137,233,161,247,134,258,141,240,170,255,179,262,176,266,187,256,202,266,228,286,235,289,247,266,247,238,279,173,284,122,284,91,240,103,198,106,192,90,172]],"area":33034,"bbox":[90,118,199,166],"iscrowd":0},{"id":6,"image_id":"6","category_id":1,
                "segmentation":[[178,156,190,210,172,225,172,242,194,224,222,276,212,292,222,296,230,277,267,287,304,264,312,297,325,296,312,256,335,229,349,191,366,189,366,168,352,172,317,132,254,116,214,115,179,152]],"area":35308,"bbox":[172,115,194,182],"iscrowd":0},{"id":7,"image_id":"7","category_id":1,
                "segmentation":[[298,114,286,127,270,113,278,133,271,162,238,144,270,180,284,236,253,256,294,259,323,316,323,359,337,323,358,333,362,350,367,338,389,339,410,390,397,336,416,306,438,321,418,288,421,279,449,300,422,265,408,204,450,176,400,184,366,135,370,92,357,125,345,119,345,83,338,116,307,108]],"area":65084,"bbox":[238,83,212,307],"iscrowd":0},{"id":8,"image_id":"8","category_id":1,
                "segmentation":[[312,164,287,178,269,163,277,191,277,200,243,172,267,215,264,258,214,272,270,279,285,332,270,370,292,343,303,348,288,379,307,357,340,372,344,411,346,367,369,354,375,371,374,352,386,330,410,357,394,323,396,266,433,262,387,244,375,193,394,160,368,184,346,166,346,148,338,160,319,160]],"area":57597,"bbox":[214,148,219,263],"iscrowd":0},{"id":9,"image_id":"9","category_id":1,
                "segmentation":[[140,40,95,70,62,50,59,62,83,76,68,107,38,102,36,108,62,116,58,160,77,189,54,200,54,208,81,198,68,208,73,217,93,204,114,219,119,219,97,243,109,248,130,224,181,235,175,250,187,252,195,237,202,237,198,263,210,263,215,234,260,234,285,226,293,244,306,244,294,221,339,195,359,206,368,196,348,184,372,156,408,163,408,148,370,142,359,74,385,62,374,56,354,68,315,39,336,22,326,16,306,40,256,24,262,8,250,3,247,24,174,28,154,10,147,16,154,35]],"area":96720,"bbox":[36,3,372,260],"iscrowd":0},{"id":10,"image_id":"10","category_id":1,
                "segmentation":[[294,84,237,112,182,90,177,112,219,131,202,180,146,196,146,208,198,207,247,266,254,276,226,301,246,317,271,281,352,300,356,334,379,334,371,288,412,286,456,263,479,279,485,272,466,260,486,232,498,187,510,183,508,166,497,169,458,112,493,85,482,77,445,108,418,93,430,78,412,72,410,85,371,77,372,46,357,46,354,76,306,82,301,60,286,66,292,86]],"area":104832,"bbox":[146,46,364,288],"iscrowd":0},{"id":11,"image_id":"11","category_id":1,
                "segmentation":[[274,104,261,82,256,87,267,112,236,146,224,157,264,201,295,232,334,255,358,244,364,257,375,257,371,239,412,197,440,192,444,183,418,186,394,128,406,104,399,96,386,121,340,92,340,66,330,66,329,90,274,108]],"area":42020,"bbox":[224,66,220,191],"iscrowd":0},{"id":12,"image_id":"12","category_id":1,
                "segmentation":[[254,364,222,354,216,366,246,384,253,424,279,453,323,468,338,468,342,485,356,482,350,461,395,435,405,396,454,391,445,369,402,383,372,335,355,321,366,271,350,268,341,312,288,322,276,334,259,309,254,320,270,341]],"area":51646,"bbox":[216,268,238,217],"iscrowd":0},{"id":13,"image_id":"12","category_id":1,
                "segmentation":[[117,132,124,166,157,172,170,149,183,162,169,176,174,182,181,208,208,216,210,225,181,228,137,258,80,252,74,239,56,237,60,228,80,228,84,192,62,172,70,165,94,186,113,170,108,135]],"area":19404,"bbox":[56,132,154,126],"iscrowd":0},{"id":14,"image_id":"12","category_id":1,
                "segmentation":[[282,116,286,104,267,94,270,85,292,93,323,72,320,45,327,44,330,71,367,97,388,91,392,98,367,112,372,132,342,141,288,144,285,130,272,130,272,117,285,117]],"area":12500,"bbox":[267,44,125,100],"iscrowd":0},{"id":15,"image_id":"13","category_id":1,
                "segmentation":[[225,128,207,170,203,197,150,186,146,204,202,220,219,260,191,294,198,303,226,273,287,310,357,285,393,246,405,199,379,156,400,129,389,110,365,136,326,99,327,39,314,36,310,95,263,95,241,116,205,73,193,83,222,124]],"area":70966,"bbox":[146,36,259,274],"iscrowd":0},{"id":16,"image_id":"14","category_id":1,
                "segmentation":[[2,228,25,247,6,280,18,296,28,293,54,248,121,256,174,238,186,252,208,241,200,223,255,189,280,148,296,147,302,128,287,125,293,82,306,76,293,52,276,27,194,62,68,116,8,158]],"area":81776,"bbox":[2,27,304,269],"iscrowd":0},{"id":17,"image_id":"14","category_id":1,
                "segmentation":[[105,336,102,374,135,392,121,420,134,423,152,396,209,404,209,414,230,412,230,401,301,364,319,334,350,340,352,328,326,320,330,294,360,297,362,282,337,283,309,250,322,235,309,226,292,246,239,248,181,257,122,296]],"area":51220,"bbox":[102,226,260,197],"iscrowd":0},{"id":18,"image_id":"15","category_id":1,
                "segmentation":[[113,261,81,314,76,363,58,363,58,376,76,376,88,410,112,447,102,468,113,480,125,460,146,486,194,481,240,461,279,426,299,412,294,387,314,385,314,373,291,375,282,332,258,294,270,281,265,272,252,284,210,252,210,222,199,221,199,241,167,238,127,246]],"area":67840,"bbox":[58,221,256,265],"iscrowd":0},{"id":19,"image_id":"16","category_id":1,
                "segmentation":[[192,13,194,57,210,89,204,104,216,97,221,108,221,120,227,106,245,108,252,101,252,112,255,96,260,75,269,86,260,66,253,24,242,2,195,4]],"area":9086,"bbox":[192,2,77,118],"iscrowd":0},{"id":20,"image_id":"16","category_id":1,
                "segmentation":[[310,92,301,82,308,104,320,144,321,165,328,155,339,160,348,152,352,157,351,149,354,143,367,149,354,133,356,111,345,92,350,78,338,86,330,86,326,68,326,86]],"area":6402,"bbox":[301,68,66,97],"iscrowd":0},{"id":21,"image_id":"17","category_id":1,
                "segmentation":[[345,33,337,44,313,28,308,34,331,53,331,64,307,52,326,69,326,99,298,106,307,115,330,108,342,130,321,149,330,150,350,135,366,148,404,148,412,171,426,168,412,138,430,123,454,140,456,132,433,116,442,88,463,96,463,79,436,86,438,66,462,66,459,52,434,66,426,42,446,19,439,14,425,37,406,24,413,5,398,16]],"area":27390,"bbox":[298,5,165,166],"iscrowd":0},{"id":22,"image_id":"18","category_id":1,
                "segmentation":[[293,302,272,320,266,324,246,304,259,330,254,357,226,355,226,364,257,375,265,397,234,408,238,416,263,408,289,433,282,465,294,471,306,442,319,442,321,464,329,465,324,439,342,440,366,418,390,438,395,432,369,416,378,388,403,388,405,379,378,379,366,331,386,317,378,300,358,324,342,308,348,279,341,279,334,300,312,300]],"area":34368,"bbox":[226,279,179,192],"iscrowd":0},{"id":23,"image_id":"19","category_id":1,
                "segmentation":[[185,234,194,271,218,294,183,326,192,347,235,323,294,354,332,366,332,383,348,383,354,368,419,354,442,329,456,339,478,323,462,308,480,275,495,275,503,238,434,225,279,227]],"area":50560,"bbox":[183,225,320,158],"iscrowd":0},{"id":24,"image_id":"20","category_id":1,
                "segmentation":[[222,141,192,158,186,132,176,140,189,168,166,184,142,175,140,183,154,201,135,247,118,247,118,264,134,263,134,300,110,316,117,329,138,319,152,342,142,364,152,373,163,352,199,359,198,376,210,376,211,357,230,337,230,359,241,359,242,330,265,300,279,319,287,300,272,285,290,245,314,235,309,224,287,234,287,198,308,184,311,164,295,177,287,163,298,143,293,132,278,149]],"area":49776,"bbox":[110,132,204,244],"iscrowd":0},{"id":25,"image_id":"21","category_id":1,
                "segmentation":[[410,128,373,166,342,144,334,151,366,180,354,208,334,206,334,220,352,220,346,248,310,260,310,283,343,263,343,276,298,321,298,328,342,296,367,321,352,376,382,318,407,316,405,368,417,368,419,308,462,264,489,291,499,280,461,246,490,187,510,176,505,158,494,163,478,123,505,65,465,114]],"area":65932,"bbox":[298,65,212,311],"iscrowd":0},{"id":26,"image_id":"22","category_id":1,
                "segmentation":[[122,56,91,136,99,184,61,207,70,228,110,203,147,234,187,236,188,257,206,256,210,229,263,209,279,200,304,224,320,216,290,185,327,149,202,83,130,52]],"area":54530,"bbox":[61,52,266,205],"iscrowd":0},{"id":27,"image_id":"23","category_id":1,
                "segmentation":[[295,180,269,181,226,213,210,203,202,216,222,234,217,308,186,309,186,329,222,329,244,372,354,314,418,277,350,203,305,184,297,132]],"area":55680,"bbox":[186,132,232,240],"iscrowd":0},{"id":28,"image_id":"24","category_id":1,
                "segmentation":[[370,274,313,256,273,262,266,246,254,253,262,269,231,316,206,304,198,316,232,332,226,376,282,418,354,408,406,392,430,356,446,358,451,345,432,344,408,307,380,281,398,249,384,236]],"area":46046,"bbox":[198,236,253,182],"iscrowd":0},{"id":29,"image_id":"25","category_id":1,
                "segmentation":[[337,227,309,244,295,228,286,239,297,252,289,280,272,272,264,287,289,290,275,337,258,348,260,353,282,353,281,391,266,408,273,416,289,397,302,415,286,440,300,441,303,424,334,442,334,454,353,455,353,425,377,410,381,436,397,422,385,396,403,363,418,378,421,364,409,355,413,306,429,300,428,290,408,293,400,256,415,246,408,236,398,253,378,226,340,223]],"area":39672,"bbox":[258,223,171,232],"iscrowd":0},{"id":30,"image_id":"26","category_id":1,
                "segmentation":[[250,64,196,71,170,34,153,45,174,78,128,128,80,114,78,135,120,145,119,217,90,232,91,257,135,242,182,277,167,314,182,319,200,282,243,294,291,280,317,304,338,299,311,264,350,227,395,241,400,226,359,208,358,147,395,139,395,120,354,134,312,83,331,52,312,38,297,76]],"area":91770,"bbox":[78,34,322,285],"iscrowd":0},{"id":31,"image_id":"27","category_id":1,
                "segmentation":[[254,70,193,108,162,164,159,241,178,287,213,304,258,314,322,290,358,196,359,144,344,104,289,72]],"area":48800,"bbox":[159,70,200,244],"iscrowd":0},{"id":32,"image_id":"28","category_id":1,
                "segmentation":[[287,244,230,272,189,318,170,381,187,432,222,461,278,482,346,482,390,459,431,404,463,364,459,312,430,271,361,244,292,244]],"area":69734,"bbox":[170,244,293,238],"iscrowd":0},{"id":33,"image_id":"29","category_id":1,
                "segmentation":[[122,381,136,389,139,376,142,391,150,402,166,421,174,452,186,461,167,462,158,480,158,486,149,481,130,469,118,469,123,462,115,446,104,450,115,441,105,413,90,405,106,407,120,387]],"area":10560,"bbox":[90,376,96,110],"iscrowd":0},{"id":34,"image_id":"30","category_id":1,
                "segmentation":[[186,136,218,128,230,72,245,134,274,160,298,150,295,208,308,267,338,280,335,306,309,312,299,399,291,430,302,459,286,464,271,454,218,460,214,475,193,470,193,456,170,441,146,465,131,452,154,414,137,385,103,413,94,385,125,370,119,292,89,268,92,248,125,255,127,224,142,175,117,139,125,132,150,166,162,151,150,90,165,81,183,137]],"area":100347,"bbox":[89,72,249,403],"iscrowd":0},{"id":35,"image_id":"31","category_id":1,
                "segmentation":[[242,165,267,145,257,124,268,113,280,135,322,120,333,100,350,98,343,118,388,140,402,165,434,152,437,162,408,179,416,206,409,244,423,252,420,266,395,251,353,267,296,252,256,228,230,183]],"area":34983,"bbox":[230,98,207,169],"iscrowd":0},{"id":36,"image_id":"32","category_id":1,
                "segmentation":[[224,317,221,284,214,260,226,267,238,246,224,233,230,225,245,236,258,225,254,208,262,200,270,223,298,201,311,168,319,174,319,193,345,206,361,196,357,223,368,244,394,244,394,252,362,263,362,296,375,304,369,316,355,308,339,336,352,356,346,364,326,344,310,364,313,375,299,386,298,368,276,371,249,363]],"area":39240,"bbox":[214,168,180,218],"iscrowd":0},{"id":37,"image_id":"33","category_id":1,
                "segmentation":[[202,206,162,185,154,210,193,235,182,304,144,316,146,335,182,326,191,344,169,352,173,366,194,356,207,384,243,424,228,470,237,483,258,438,282,445,322,448,331,488,347,482,339,433,380,408,403,365,433,387,446,374,410,348,416,260,454,245,454,225,416,241,377,171,342,140,274,139,260,141,246,98,233,104,250,157]],"area":120900,"bbox":[144,98,310,390],"iscrowd":0},{"id":38,"image_id":"34","category_id":1,
                "segmentation":[[180,140,156,177,132,165,122,180,146,203,147,252,131,250,131,264,153,272,174,336,159,356,167,374,182,359,207,390,211,408,210,438,224,451,231,418,284,441,306,431,322,462,333,462,318,422,342,376,355,394,368,377,347,360,342,300,363,303,358,278,332,284,318,211,327,196,322,185,307,199,275,152,279,126,266,116,259,142,222,124,206,81,200,85,207,116]],"area":93726,"bbox":[122,81,246,381],"iscrowd":0},{"id":39,"image_id":"35","category_id":1,
                "segmentation":[[384,180,310,190,264,226,229,274,207,340,202,361,171,375,174,388,201,376,236,430,226,447,240,453,250,440,302,450,350,440,370,423,384,448,402,452,379,414,409,376,442,320,444,254,421,203,382,179]],"area":74802,"bbox":[171,179,273,274],"iscrowd":0},{"id":40,"image_id":"36","category_id":1,
                "segmentation":[[126,356,111,362,117,337,108,360,95,371,88,349,88,373,71,412,54,458,54,467,35,489,57,480,67,489,89,490,116,483,134,447,146,410,149,400,168,388,145,392,145,376,157,362,142,369,126,359]],"area":20349,"bbox":[35,337,133,153],"iscrowd":0},{"id":41,"image_id":"37","category_id":1,
                "segmentation":[[242,224,216,263,210,283,198,283,198,301,206,296,216,337,206,345,206,356,224,348,233,381,230,388,238,396,243,388,261,401,287,401,293,416,301,411,296,389,313,377,321,383,330,371,314,356,322,332,336,332,336,321,320,321,314,281,324,273,319,262,308,270,296,244,302,237,296,224,290,232,245,220]],"area":27048,"bbox":[198,220,138,196],"iscrowd":0},{"id":42,"image_id":"38","category_id":1,
                "segmentation":[[195,328,147,335,121,354,107,346,99,352,113,375,98,396,65,387,65,400,90,405,86,444,96,471,102,484,179,490,225,485,253,484,265,452,270,410,253,383,215,338,224,316,209,315,204,332]],"area":35875,"bbox":[65,315,205,175],"iscrowd":0},{"id":43,"image_id":"39","category_id":1,
                "segmentation":[[262,54,289,103,274,174,200,235,122,259,38,242,0,206,1,108,45,51,108,15,169,2,234,22,262,43]],"area":74273,"bbox":[0,2,289,257],"iscrowd":0},{"id":44,"image_id":"40","category_id":1,
                "segmentation":[[80,345,79,371,3,384,82,376,121,454,80,488,90,490,127,459,199,488,262,490,319,485,373,458,400,436,467,459,472,452,420,420,435,349,435,329,498,329,493,320,430,325,413,298,354,270,283,254,206,263,135,289,83,335]],"area":116820,"bbox":[3,254,495,236],"iscrowd":0},{"id":45,"image_id":"41","category_id":1,
                "segmentation":[[126,157,178,161,216,174,241,188,280,161,292,171,258,205,286,264,346,264,346,276,291,290,280,360,319,389,312,410,265,388,204,437,222,483,198,488,186,437,124,444,63,420,20,464,7,446,46,408,6,348,2,259,16,229,15,216,1,204,1,181,33,205,92,164,105,157,100,115,115,115,118,132]],"area":128685,"bbox":[1,115,345,373],"iscrowd":0},{"id":46,"image_id":"42","category_id":1,
                "segmentation":[[154,320,172,356,196,390,165,430,207,399,246,416,318,428,338,422,348,468,352,427,400,406,454,368,511,395,463,363,479,298,506,286,481,284,470,259,401,226,338,221,248,233,178,272,154,311]],"area":88179,"bbox":[154,221,357,247],"iscrowd":0},{"id":47,"image_id":"43","category_id":1,
                "segmentation":[[150,96,114,85,110,97,148,116,163,185,143,215,153,225,176,198,228,222,240,220,240,240,256,240,251,217,274,209,295,234,303,231,286,200,302,163,286,131,249,92,246,62,223,58,223,83,186,72,156,92]],"area":35126,"bbox":[110,58,193,182],"iscrowd":0},{"id":48,"image_id":"44","category_id":1,
                "segmentation":[[118,16,105,50,115,60,122,107,74,131,76,144,134,132,170,185,222,220,220,244,239,248,250,234,342,239,366,229,377,244,395,238,388,217,423,196,443,196,466,153,411,108,312,55,132,11]],"area":92904,"bbox":[74,11,392,237],"iscrowd":0},{"id":49,"image_id":"45","category_id":1,
                "segmentation":[[140,253,179,195,170,180,182,169,204,181,295,150,314,150,316,136,338,136,344,151,394,164,440,188,457,196,503,171,510,192,469,222,498,264,499,296,366,299,235,291,150,268]],"area":60310,"bbox":[140,136,370,163],"iscrowd":0},{"id":50,"image_id":"46","category_id":1,
                "segmentation":[[202,99,196,124,194,164,162,184,163,192,197,173,208,203,248,236,257,232,248,252,258,252,268,228,318,224,326,240,338,236,329,216,358,196,373,216,384,201,362,188,379,160,367,124,323,104,262,86,223,88]],"area":36852,"bbox":[162,86,222,166],"iscrowd":0},{"id":51,"image_id":"47","category_id":1,
                "segmentation":[[175,69,182,115,143,129,144,143,189,124,222,182,217,198,226,205,242,192,303,204,331,186,349,220,370,217,344,174,377,160,401,101,406,65,364,64,294,65]],"area":41028,"bbox":[143,64,263,156],"iscrowd":0},{"id":52,"image_id":"48","category_id":1,
                "segmentation":[[129,216,171,152,134,107,183,139,236,116,302,114,314,67,317,119,409,148,425,160,474,137,430,180,454,229,509,232,448,251,394,304,269,310,187,283,130,226,77,216,136,217]],"area":104976,"bbox":[77,67,432,243],"iscrowd":0},{"id":53,"image_id":"49","category_id":1,
                "segmentation":[[156,242,194,156,174,86,212,138,258,114,307,111,325,46,321,120,359,144,399,202,440,175,452,188,402,220,418,292,412,316,470,323,470,334,407,335,374,388,273,402,231,380,172,313,154,262,110,236,111,222,153,240]],"area":128160,"bbox":[110,46,360,356],"iscrowd":0},{"id":54,"image_id":"50","category_id":1,
                "segmentation":[[172,2,145,44,133,58,70,34,128,69,123,100,155,160,234,205,295,217,389,206,423,177,484,190,427,172,429,84,473,49,422,56,374,3,290,0]],"area":89838,"bbox":[70,0,414,217],"iscrowd":0},{"id":55,"image_id":"51","category_id":1,
                "segmentation":[[109,55,72,107,62,168,78,234,102,287,106,297,92,327,97,333,114,309,182,325,188,353,206,353,201,328,250,317,282,263,313,280,316,275,277,256,272,181,254,137,202,75,138,53]],"area":76200,"bbox":[62,53,254,300],"iscrowd":0},{"id":56,"image_id":"52","category_id":1,
                "segmentation":[[197,65,168,127,126,116,122,140,166,152,162,211,128,248,130,260,167,224,178,248,155,304,164,310,186,255,231,255,231,308,241,306,239,247,251,236,259,280,271,270,263,218,282,196,293,167,299,108,294,88,336,47,336,36,286,75,265,38,277,0,264,1,258,36,215,52,198,7,187,12,202,60]],"area":66340,"bbox":[122,0,214,310],"iscrowd":0},{"id":57,"image_id":"53","category_id":1,
                "segmentation":[[167,259,175,275,137,292,143,305,177,284,189,313,162,340,169,343,194,317,210,329,230,338,216,372,227,372,236,338,266,332,274,371,284,367,275,328,294,319,302,340,310,336,303,316,332,295,298,261,256,241,215,236,169,258]],"area":26520,"bbox":[137,236,195,136],"iscrowd":0},{"id":58,"image_id":"54","category_id":1,
                "segmentation":[[256,388,230,394,231,407,253,405,311,466,304,489,317,489,324,472,377,484,397,484,463,465,472,454,486,479,498,472,480,447,510,404,480,366,441,325,402,300,356,300,313,335]],"area":52920,"bbox":[230,300,280,189],"iscrowd":0},{"id":59,"image_id":"55","category_id":1,
                "segmentation":[[346,60,271,88,229,117,207,149,122,128,118,140,194,176,194,196,190,225,108,239,108,257,182,257,210,328,162,367,167,388,227,351,285,396,260,476,274,479,308,414,372,417,444,400,490,369,510,354,511,237,510,116,489,99,457,71,479,4,458,3,432,59,370,51,359,4,336,4,346,55]],"area":191828,"bbox":[108,3,403,476],"iscrowd":0},{"id":60,"image_id":"56","category_id":1,
                "segmentation":[[114,312,124,318,130,298,130,318,137,327,146,314,140,337,150,381,140,421,119,438,94,425,82,447,89,424,82,368,86,345,71,324,90,334,97,316,90,302,102,313]],"area":11771,"bbox":[71,298,79,149],"iscrowd":0},{"id":61,"image_id":"57","category_id":1,
                "segmentation":[[370,286,341,307,312,286,312,294,337,320,330,341,299,340,299,357,327,357,338,382,315,393,317,401,337,396,360,420,373,424,366,454,374,458,382,425,429,420,442,439,447,434,434,409,448,410,463,368,497,364,497,352,466,352,459,325,473,320,469,303,451,312,430,284,433,267,425,268,423,281,384,275]],"area":37818,"bbox":[299,267,198,191],"iscrowd":0},{"id":62,"image_id":"58","category_id":1,
                "segmentation":[[266,285,208,304,176,272,163,282,187,313,163,383,128,380,128,392,158,404,176,458,169,480,186,483,198,485,297,488,327,473,352,434,363,415,394,415,394,400,366,400,354,339,385,304,378,288,342,320,285,279]],"area":57456,"bbox":[128,272,266,216],"iscrowd":0},{"id":63,"image_id":"59","category_id":1,
                "segmentation":[[204,279,177,295,172,271,169,296,153,324,142,364,121,390,139,382,148,404,190,396,193,411,196,391,220,352,227,319,246,303,225,304,225,298,234,282,223,288,206,279]],"area":17500,"bbox":[121,271,125,140],"iscrowd":0},{"id":64,"image_id":"60","category_id":1,
                "segmentation":[[287,167,232,177,186,219,137,180,173,232,150,294,150,315,102,320,155,338,186,376,250,408,330,411,387,392,426,356,444,316,504,297,445,304,425,239,412,220,451,176,411,209,362,180,305,160,294,100,286,163]],"area":125022,"bbox":[102,100,402,311],"iscrowd":0},{"id":65,"image_id":"61","category_id":1,
                "segmentation":[[254,87,214,76,198,40,184,48,195,88,179,124,158,105,152,120,174,149,166,195,146,188,142,208,163,211,175,275,160,291,174,316,185,298,202,334,195,358,203,366,210,350,250,377,250,406,261,409,259,387,296,361,313,387,321,384,305,359,321,329,343,343,345,328,322,308,327,261,318,178,335,164,330,150,313,163,286,115,296,92,287,81,280,100]],"area":74907,"bbox":[142,40,203,369],"iscrowd":0},{"id":66,"image_id":"62","category_id":1,
                "segmentation":[[49,85,49,101,10,113,14,126,54,117,66,152,27,171,34,187,69,162,98,186,75,223,85,225,108,194,141,194,135,239,148,239,156,195,176,188,182,215,194,206,187,177,216,169,234,148,230,110,210,78,178,45,122,35,83,44,48,84]],"area":45696,"bbox":[10,35,224,204],"iscrowd":0},{"id":67,"image_id":"63","category_id":1,
                "segmentation":[[172,286,148,317,135,297,142,324,138,368,140,419,134,440,149,431,166,441,194,428,207,437,197,412,207,380,202,323,214,302,197,317,194,300,202,273,189,296,166,293,154,275,160,300]],"area":13440,"bbox":[134,273,80,168],"iscrowd":0},{"id":68,"image_id":"64","category_id":1,
                "segmentation":[[282,13,267,20,264,0,256,4,258,25,241,48,222,33,215,46,223,62,206,95,198,125,189,128,189,135,198,135,205,152,193,172,210,169,222,186,244,185,244,202,254,199,258,179,272,175,278,186,286,176,286,168,302,150,310,163,316,150,309,140,334,103,347,103,347,88,331,92,341,68,352,54,352,44,339,56,333,28,314,6,287,13]],"area":32926,"bbox":[189,0,163,202],"iscrowd":0},{"id":69,"image_id":"65","category_id":1,
                "segmentation":[[146,277,87,282,72,259,57,263,81,292,52,328,42,336,6,344,6,360,46,356,68,387,106,388,105,401,123,401,123,383,158,370,183,348,193,319,186,312,211,292,203,280,179,298,155,286,170,262,158,262,146,280]],"area":29110,"bbox":[6,259,205,142],"iscrowd":0},{"id":70,"image_id":"66","category_id":1,
                "segmentation":[[276,94,262,94,262,56,246,59,253,100,232,119,213,89,206,96,221,125,211,146,194,184,197,235,177,248,182,260,200,252,215,272,205,286,210,300,223,292,255,316,294,288,324,246,334,203,335,174,345,156,341,136,324,149,310,104,310,71,301,71,295,96]],"area":43680,"bbox":[177,56,168,260],"iscrowd":0},{"id":71,"image_id":"67","category_id":1,
                "segmentation":[[281,351,346,293,386,288,394,266,410,266,401,289,450,323,449,344,470,328,470,349,454,363,453,391,474,391,474,408,441,408,416,455,382,489,303,484,265,466,259,408,276,364]],"area":47945,"bbox":[259,266,215,223],"iscrowd":0},{"id":72,"image_id":"68","category_id":1,
                "segmentation":[[216,95,171,132,143,100,167,147,157,206,118,214,160,229,179,285,161,320,186,294,210,315,208,336,220,317,242,325,278,303,298,324,286,293,290,284,317,317,295,270,305,220,358,208,306,196,282,138,302,100,280,122,224,87,218,36,216,96]],"area":72000,"bbox":[118,36,240,300],"iscrowd":0},{"id":73,"image_id":"69","category_id":1,
                "segmentation":[[269,162,222,167,218,112,192,114,193,166,159,212,127,191,118,214,138,243,122,310,97,324,105,356,120,353,137,408,123,440,129,460,155,437,186,468,239,484,268,467,276,487,301,478,296,446,312,421,347,454,357,438,330,401,339,348,366,349,366,314,338,312,334,244,360,214,346,184,321,204,284,175,294,120,274,113,266,156]],"area":100875,"bbox":[97,112,269,375],"iscrowd":0},{"id":74,"image_id":"70","category_id":1,
                "segmentation":[[283,48,253,65,232,40,226,52,241,72,218,109,192,106,192,117,210,123,221,175,209,197,210,204,228,188,272,215,309,197,316,210,325,208,321,188,344,156,344,124,366,124,364,114,342,116,330,84,341,58,329,46,321,66,266,44]],"area":30450,"bbox":[192,40,174,175],"iscrowd":0},{"id":75,"image_id":"71","category_id":1,
                "segmentation":[[284,124,273,150,254,126,246,138,265,167,260,206,234,206,234,219,256,224,270,288,254,294,258,312,275,304,294,344,286,368,295,372,306,353,338,376,379,372,386,364,394,384,403,380,394,351,403,336,419,352,426,342,409,319,415,268,402,196,418,192,411,172,395,183,378,144,393,113,373,101,368,138,336,110,303,110,291,70,281,79,289,116]],"area":60288,"bbox":[234,70,192,314],"iscrowd":0},{"id":76,"image_id":"72","category_id":1,
                "segmentation":[[214,228,211,181,242,140,325,108,392,117,443,136,475,166,494,202,487,240,458,274,391,304,314,308,239,269,208,220]],"area":57200,"bbox":[208,108,286,200],"iscrowd":0},{"id":77,"image_id":"73","category_id":1,
                "segmentation":[[208,348,234,350,249,338,249,356,269,385,282,375,285,383,274,396,285,419,286,441,299,452,295,455,286,453,283,461,218,480,171,477,163,422,151,422,151,412,162,412,168,376,158,364,166,356,179,368,208,346]],"area":21016,"bbox":[151,338,148,142],"iscrowd":0},{"id":78,"image_id":"74","category_id":1,
                "segmentation":[[187,80,194,134,176,142,183,168,200,159,218,194,231,225,220,264,230,276,252,249,290,269,304,321,314,317,306,267,342,254,360,300,374,291,354,239,377,184,401,185,400,150,378,150,378,128,406,128,406,106,372,101,367,72,383,60,372,29,356,37,334,4,286,3,240,3,216,28,192,48,162,36,154,56,185,73]],"area":80136,"bbox":[154,3,252,318],"iscrowd":0},{"id":79,"image_id":"75","category_id":1,
                "segmentation":[[202,20,174,70,138,64,170,84,153,141,123,160,153,153,161,182,150,200,164,190,182,205,212,203,212,228,218,200,246,172,266,140,306,153,277,121,293,64,322,40,289,52,281,20,269,2,237,2,209,16]],"area":44974,"bbox":[123,2,199,226],"iscrowd":0},{"id":80,"image_id":"76","category_id":1,
                "segmentation":[[177,244,154,271,135,256,154,278,156,317,165,352,119,380,178,368,203,405,222,414,243,430,276,437,291,433,316,478,297,430,319,408,320,365,301,314,338,300,290,300,258,260,258,218,245,250,212,240,179,241]],"area":56940,"bbox":[119,218,219,260],"iscrowd":0},{"id":81,"image_id":"77","category_id":1,
                "segmentation":[[170,192,246,176,252,132,270,132,265,173,314,195,354,141,367,150,330,207,377,266,404,255,411,272,381,288,386,329,444,340,444,355,382,355,354,416,327,440,351,492,338,486,313,444,239,466,225,485,210,464,157,454,125,488,115,484,143,432,115,400,99,370,90,335,90,320,37,325,35,307,89,307,110,244,58,204,66,192,117,228,156,200,136,168,146,161,172,187]],"area":147240,"bbox":[35,132,409,360],"iscrowd":0},{"id":82,"image_id":"78","category_id":1,
                "segmentation":[[214,3,198,35,177,28,173,43,190,48,178,89,158,96,158,110,175,106,178,134,192,162,181,184,184,187,198,170,215,183,247,188,259,186,259,199,274,199,274,177,286,168,302,152,311,133,324,144,330,130,317,120,330,76,345,72,345,60,330,64,332,23,347,12,339,7,326,18,318,4]],"area":37044,"bbox":[158,3,189,196],"iscrowd":0},{"id":83,"image_id":"79","category_id":1,
                "segmentation":[[87,228,87,284,69,296,76,316,89,308,99,331,116,366,114,394,120,401,129,381,153,404,188,388,198,404,207,400,203,374,211,364,233,313,248,318,249,307,233,301,234,238,249,233,246,211,232,217,219,181,231,158,226,150,214,166,170,127,167,100,148,101,154,130,117,162,100,139,90,149,102,172,90,216]],"area":54720,"bbox":[69,100,180,304],"iscrowd":0},{"id":84,"image_id":"80","category_id":1,
                "segmentation":[[260,162,265,186,242,205,268,196,284,217,301,231,306,248,312,229,350,216,370,190,380,168,299,157,265,158]],"area":12558,"bbox":[242,157,138,91],"iscrowd":0},{"id":85,"image_id":"81","category_id":1,
                "segmentation":[[217,218,166,196,172,185,224,214,246,179,302,150,285,87,321,142,402,136,459,148,498,104,472,160,507,183,509,393,441,404,337,375,264,328,221,257]],"area":108731,"bbox":[166,87,343,317],"iscrowd":0},{"id":86,"image_id":"82","category_id":1,
                "segmentation":[[123,449,131,420,118,402,137,403,176,368,199,365,203,342,214,342,212,365,237,376,256,400,269,423,280,453,286,479,210,491,157,490,120,490,120,474,98,468,98,450,119,454]],"area":28012,"bbox":[98,342,188,149],"iscrowd":0},{"id":87,"image_id":"83","category_id":1,
                "segmentation":[[230,79,209,109,178,81,165,107,199,131,181,180,147,192,147,220,173,216,172,238,152,257,154,276,176,269,193,307,201,314,186,353,207,361,222,332,260,345,258,386,283,340,322,320,351,287,372,238,397,238,400,211,376,211,386,169,380,124,389,95,378,81,366,87,356,57,306,41,248,64,234,31,221,40,234,76]],"area":89815,"bbox":[147,31,253,355],"iscrowd":0},{"id":88,"image_id":"84","category_id":1,
                "segmentation":[[213,262,234,216,260,188,242,137,259,128,285,172,310,161,361,154,374,108,393,112,382,161,420,177,460,205,484,187,496,200,476,216,494,254,496,283,498,314,483,365,460,395,484,434,471,453,442,413,390,438,363,446,363,485,343,485,345,444,305,436,271,419,238,387,190,410,182,397,223,369,209,318,209,292,201,285,152,278,159,250,206,262]],"area":130442,"bbox":[152,108,346,377],"iscrowd":0},{"id":89,"image_id":"85","category_id":1,
                "segmentation":[[242,301,256,332,269,349,258,365,264,376,280,358,326,365,366,352,370,370,390,360,382,338,401,325,409,313,430,327,435,316,414,300,434,242,442,188,399,157,355,142,313,142,276,187,260,220,245,260]],"area":46800,"bbox":[242,142,200,234],"iscrowd":0},{"id":90,"image_id":"86","category_id":1,
                "segmentation":[[371,164,352,170,344,184,330,169,340,198,344,232,356,256,370,282,367,297,378,287,394,296,415,287,421,270,437,275,420,255,421,236,414,206,394,174,400,148,387,167,374,167,374,145,366,163]],"area":16264,"bbox":[330,145,107,152],"iscrowd":0},{"id":91,"image_id":"87","category_id":1,
                "segmentation":[[176,216,148,216,146,203,138,204,138,216,110,241,98,227,94,234,103,249,86,286,106,312,136,329,174,345,187,343,195,348,198,344,187,336,206,313,211,289,225,289,224,282,210,283,211,251,219,241,215,235,207,241,181,217]],"area":20155,"bbox":[86,203,139,145],"iscrowd":0},{"id":92,"image_id":"88","category_id":1,
                "segmentation":[[314,84,310,2,285,3,286,80,215,113,174,52,162,60,199,128,167,188,164,204,112,186,106,204,160,228,156,243,87,238,87,262,150,267,160,323,164,345,113,380,120,401,173,368,217,416,190,485,208,491,237,424,287,439,286,482,304,482,306,436,374,410,402,445,415,440,386,390,420,360,473,392,483,374,428,336,440,284,498,287,498,268,437,259,425,180,469,149,457,135,418,164,376,112,404,41,391,36,363,92]],"area":200979,"bbox":[87,2,411,489],"iscrowd":0},{"id":93,"image_id":"89","category_id":1,
                "segmentation":[[228,235,192,262,178,247,173,254,185,270,170,304,165,324,150,330,150,336,166,332,166,344,207,355,249,366,319,371,330,350,338,311,362,308,362,297,340,304,334,263,353,251,346,241,326,256,305,232,266,220,234,230,230,212,220,216,226,236]],"area":33708,"bbox":[150,212,212,159],"iscrowd":0},{"id":94,"image_id":"90","category_id":1,
                "segmentation":[[190,40,165,30,126,59,122,69,107,48,102,56,121,85,111,120,109,136,90,142,90,156,109,156,122,188,128,202,143,226,173,246,206,246,235,216,242,208,259,227,264,211,244,187,248,151,241,105,257,101,257,83,232,88,201,47,209,16,199,16,188,44]],"area":40020,"bbox":[90,16,174,230],"iscrowd":0},{"id":95,"image_id":"91","category_id":1,
                "segmentation":[[198,345,213,325,208,300,223,319,253,309,275,308,286,290,281,312,300,328,304,351,322,356,305,364,305,392,279,392,236,379,193,346]],"area":13158,"bbox":[193,290,129,102],"iscrowd":0},{"id":96,"image_id":"92","category_id":1,
                "segmentation":[[106,169,148,125,172,114,163,49,196,100,258,100,322,108,362,68,338,116,374,152,418,218,478,203,421,232,410,301,474,334,400,320,370,353,260,353,165,307,112,243,98,186,48,148,108,171]],"area":130720,"bbox":[48,49,430,304],"iscrowd":0},{"id":97,"image_id":"93","category_id":1,
                "segmentation":[[125,122,122,49,113,49,104,116,66,104,38,26,60,106,45,156,2,131,39,169,53,228,60,258,34,281,38,290,69,275,110,325,106,385,115,385,121,329,142,339,154,400,164,400,150,337,166,337,178,310,204,356,218,341,180,293,178,224,193,227,190,208,167,208,165,188,189,164,188,148,158,170,122,122]],"area":80784,"bbox":[2,26,216,374],"iscrowd":0},{"id":98,"image_id":"94","category_id":1,
                "segmentation":[[182,317,192,273,221,224,268,218,299,258,310,317,313,338,321,338,321,346,302,352,305,364,291,368,290,351,275,358,262,360,266,370,250,372,247,356,221,352,182,320]],"area":21406,"bbox":[182,218,139,154],"iscrowd":0},{"id":99,"image_id":"95","category_id":1,
                "segmentation":[[102,188,110,233,94,234,98,244,110,244,128,269,145,276,145,304,153,281,181,271,191,257,210,271,203,235,210,209,220,209,215,200,186,180,139,172,102,192]],"area":16632,"bbox":[94,172,126,132],"iscrowd":0}],"licenses":[{"id":1,"name":"Unknown","url":""}],"categories":[{"id":1,"name":"mines","supercategory":"mines"},{"id":1,"name":"mines","supercategory":"mines"},{"id":1,"name":"mines","supercategory":"mines"},{"id":1,"name":"mines","supercategory":"mines"},{"id":1,"name":"mines","supercategory":"mines"},{"id":1,"name":"mines","supercategory":"mines"},{"id":1,"name":"mines","supercategory":"mines"},{"id":1,"name":"mines","supercategory":"mines"},{"id":1,"name":"mines","supercategory":"mines"},{"id":1,"name":"mines","supercategory":"mines"},{"id":1,"name":"mines","supercategory":"mines"},{"id":1,"name":"mines","supercategory":"mines"},{"id":1,"name":"mines","supercategory":"mines"},{"id":1,"name":"mines","supercategory":"mines"},{"id":1,"name":"mines","supercategory":"mines"},{"id":1,"name":"mines","supercategory":"mines"},{"id":1,"name":"mines","supercategory":"mines"},{"id":1,"name":"mines","supercategory":"mines"},{"id":1,"name":"mines","supercategory":"mines"},{"id":1,"name":"mines","supercategory":"mines"},{"id":1,"name":"mines","supercategory":"mines"},{"id":1,"name":"mines","supercategory":"mines"},{"id":1,"name":"mines","supercategory":"mines"},{"id":1,"name":"mines","supercategory":"mines"},{"id":1,"name":"mines","supercategory":"mines"},{"id":1,"name":"mines","supercategory":"mines"},{"id":1,"name":"mines","supercategory":"mines"},{"id":1,"name":"mines","supercategory":"mines"},{"id":1,"name":"mines","supercategory":"mines"},{"id":1,"name":"mines","supercategory":"mines"},{"id":1,"name":"mines","supercategory":"mines"},{"id":1,"name":"mines","supercategory":"mines"},{"id":1,"name":"mines","supercategory":"mines"},{"id":1,"name":"mines","supercategory":"mines"},{"id":1,"name":"mines","supercategory":"mines"},{"id":1,"name":"mines","supercategory":"mines"},{"id":1,"name":"mines","supercategory":"mines"},{"id":1,"name":"mines","supercategory":"mines"},{"id":1,"name":"mines","supercategory":"mines"},{"id":1,"name":"mines","supercategory":"mines"},{"id":1,"name":"mines","supercategory":"mines"},{"id":1,"name":"mines","supercategory":"mines"},{"id":1,"name":"mines","supercategory":"mines"},{"id":1,"name":"mines","supercategory":"mines"},{"id":1,"name":"mines","supercategory":"mines"},{"id":1,"name":"mines","supercategory":"mines"},{"id":1,"name":"mines","supercategory":"mines"},{"id":1,"name":"mines","supercategory":"mines"},{"id":1,"name":"mines","supercategory":"mines"},{"id":1,"name":"mines","supercategory":"mines"},{"id":1,"name":"mines","supercategory":"mines"},{"id":1,"name":"mines","supercategory":"mines"},{"id":1,"name":"mines","supercategory":"mines"},{"id":1,"name":"mines","supercategory":"mines"},{"id":1,"name":"mines","supercategory":"mines"},{"id":1,"name":"mines","supercategory":"mines"},{"id":1,"name":"mines","supercategory":"mines"},{"id":1,"name":"mines","supercategory":"mines"},{"id":1,"name":"mines","supercategory":"mines"},{"id":1,"name":"mines","supercategory":"mines"},{"id":1,"name":"mines","supercategory":"mines"},{"id":1,"name":"mines","supercategory":"mines"},{"id":1,"name":"mines","supercategory":"mines"},{"id":1,"name":"mines","supercategory":"mines"},{"id":1,"name":"mines","supercategory":"mines"},{"id":1,"name":"mines","supercategory":"mines"},{"id":1,"name":"mines","supercategory":"mines"},{"id":1,"name":"mines","supercategory":"mines"},{"id":1,"name":"mines","supercategory":"mines"},{"id":1,"name":"mines","supercategory":"mines"},{"id":1,"name":"mines","supercategory":"mines"},{"id":1,"name":"mines","supercategory":"mines"},{"id":1,"name":"mines","supercategory":"mines"},{"id":1,"name":"mines","supercategory":"mines"},{"id":1,"name":"mines","supercategory":"mines"},{"id":1,"name":"mines","supercategory":"mines"},{"id":1,"name":"mines","supercategory":"mines"},{"id":1,"name":"mines","supercategory":"mines"},{"id":1,"name":"mines","supercategory":"mines"},{"id":1,"name":"mines","supercategory":"mines"},{"id":1,"name":"mines","supercategory":"mines"},{"id":1,"name":"mines","supercategory":"mines"},{"id":1,"name":"mines","supercategory":"mines"},{"id":1,"name":"mines","supercategory":"mines"},{"id":1,"name":"mines","supercategory":"mines"},{"id":1,"name":"mines","supercategory":"mines"},{"id":1,"name":"mines","supercategory":"mines"},{"id":1,"name":"mines","supercategory":"mines"},{"id":1,"name":"mines","supercategory":"mines"},{"id":1,"name":"mines","supercategory":"mines"},{"id":1,"name":"mines","supercategory":"mines"},{"id":1,"name":"mines","supercategory":"mines"},{"id":1,"name":"mines","supercategory":"mines"},{"id":1,"name":"mines","supercategory":"mines"},{"id":1,"name":"mines","supercategory":"mines"},{"id":1,"name":"mines","supercategory":"mines"}]}